,asin,overall,reviewText,summary,unixReviewTime,reviewsInNext7Days,fear,anger,anticip,trust,surprise,positive,negative,sadness,disgust,joy,anticipation
191,B0093MU7QS,4,several general category joke collection give idea content 've list number joke per category bar bartender joke blonde joke technology joke spouse joke cynical joke lawyer joke yo momma joke joke old lame brilliant gem make collection worth read 'll find highbrow lowbrow humor probably wo n't like joke include 'd surprise n't laugh least also picture book cover ad 're interested skip right ad 's little like read magazine regard,Mixture of Highbrow and Lowbrow Humor,1349481600,0,0.044444444444444446,0.022222222222222223,0.0,0.13333333333333333,0.044444444444444446,0.24444444444444444,0.28888888888888886,0.022222222222222223,0.044444444444444446,0.13333333333333333,0.022222222222222223
84,B0093MU7QS,3,'s good free book sure 'd pay money though mean write humor might little biased however sample drunk stagger bar see nun stand bus stop walk punch face fall ground start scream 'you 're tough batman ' type humor get good joke,Good enough for a free book,1352592000,0,0.04878048780487805,0.07317073170731707,0.0,0.14634146341463414,0.14634146341463414,0.0975609756097561,0.17073170731707318,0.07317073170731707,0.024390243902439025,0.0975609756097561,0.12195121951219512
2,B0093MU7QS,2,joke small amount joke qualifyas book honest laugh therewere give smile think jokeswere recycle borscht belt 's since free ca n't complain john wilder marriage relationship sexual coach withhis self help book come january amazon kindle,cheesey old jokes,1353628800,0,0.06666666666666667,0.1,0.0,0.13333333333333333,0.06666666666666667,0.13333333333333333,0.2,0.06666666666666667,0.06666666666666667,0.13333333333333333,0.03333333333333333
81,B0093MU7QS,3,nutshell compilation zinger 've hear thousand time write well 're well look fail video yuks,It is what you think it is.,1355529600,0,0.0,0.0,0.0,0.0,0.0,0.0,0.0,0.0,0.0,0.0,1.0
239,B0093MU7QS,4,good laugh book though half joke appropriate child many bash husband wife read humor intend,Jokes,1356393600,3,0.0,0.0,0.0,0.15384615384615385,0.15384615384615385,0.23076923076923078,0.07692307692307693,0.0,0.0,0.23076923076923078,0.15384615384615385
43,B0093MU7QS,2,glad book free find joke funny matter fact stupid offensive,Glad This Was Free,1356480000,2,0.0,0.1111111111111111,0.0,0.1111111111111111,0.0,0.1111111111111111,0.3333333333333333,0.0,0.1111111111111111,0.1111111111111111,0.1111111111111111
226,B0093MU7QS,2,ok book quite joke funny best joke book yo mama joke blond joke,Jokes,1356566400,4,0.0,0.0,0.0,0.0,0.0,0.0,1.0,0.0,0.0,0.0,
44,B0093MU7QS,5,bouoght book read grand kid thing busy read yet,Book,1356652800,4,0.0,0.0,0.0,0.0,0.0,0.0,0.0,0.0,0.0,0.0,
163,B0093MU7QS,3,funny lot old joke still entertain scan enjoyed haha,Lol,1357084800,5,0.0,0.0,0.0,0.0,0.0,0.3333333333333333,0.3333333333333333,0.0,0.0,0.3333333333333333,
79,B0093MU7QS,3,think book pre teen child first page joke drunk expect,Not for kids,1357084800,5,0.0,0.0,0.0,0.125,0.125,0.25,0.125,0.0,0.0,0.125,0.25
208,B0093MU7QS,1,book funny maybe 's find boooooooooring funny n't even read end,not funny,1357084800,5,0.0,0.0,0.0,0.0,0.0,0.0,0.0,0.0,0.0,0.0,
212,B0093MU7QS,1,book 's joke mostly fun dumb anything mixed female demean animal abuse dumb best describes,Worst Jokes Ever !!,1357171200,5,0.08333333333333333,0.08333333333333333,0.0,0.0,0.0,0.16666666666666666,0.3333333333333333,0.08333333333333333,0.08333333333333333,0.08333333333333333,0.08333333333333333
227,B0093MU7QS,5,short collection joke hear ok think could joke,My. Review,1357257600,4,0.0,0.0,0.0,0.0,0.0,0.0,1.0,0.0,0.0,0.0,
234,B0093MU7QS,1,boring joke n't like hear joke might try something else later,Boring,1357344000,6,0.0,0.0,0.0,0.0,0.0,0.0,1.0,0.0,0.0,0.0,
24,B0093MU7QS,5,dis wuz one best joke book hav eva read shake myy head lmfao dis wuz funny stuff,Incredible,1357516800,7,0.0,0.0,0.0,0.0,0.0,0.0,1.0,0.0,0.0,0.0,
285,B0093MU7QS,3,joke funny others seem rehashed joke run mill several time look clean joke 've download right book rat star laugh get hey free,Some Funny-Others Not So Much,1357516800,7,0.05555555555555555,0.0,0.0,0.1111111111111111,0.05555555555555555,0.16666666666666666,0.2222222222222222,0.0,0.05555555555555555,0.16666666666666666,0.16666666666666666
5,B0093MU7QS,3,make chuckle bunch similar joke hit consecutively bit much maybe useful reference,Cute? Yes.  The best? Maybe not.,1357689600,10,0.0,0.125,0.0,0.125,0.125,0.125,0.25,0.0,0.0,0.125,0.125
28,B0093MU7QS,5,price awesome 'd hear lot would reccommend look series,FUNNY,1357862400,7,0.0,0.0,0.0,1.0,0.0,0.0,0.0,0.0,0.0,0.0,
100,B0093MU7QS,4,read burn time hang friend laugh ask read laugh 'd say get several good one though n't particularly care yo mama section stop read,Amusing,1357862400,7,0.0,0.0,0.0,0.13333333333333333,0.2,0.26666666666666666,0.0,0.0,0.0,0.26666666666666666,0.13333333333333333
220,B0093MU7QS,1,funny joke lame ca n't believe book,Bad jokes,1357862400,7,0.0,0.0,0.0,0.0,0.0,0.0,1.0,0.0,0.0,0.0,
98,B0093MU7QS,2,hop well joke marginally funny would much rather see small collection one consist high quality joke,101 Best Jokes,1357948800,7,0.0,0.0,0.0,0.0,0.0,0.0,1.0,0.0,0.0,0.0,
132,B0093MU7QS,4,nice book free interesting stuff look forward put use soon great kid,great for the kids,1358035200,5,0.0,0.0,0.0,0.0,0.0,1.0,0.0,0.0,0.0,0.0,
235,B0093MU7QS,5,funny quick read best one guy take logic class community college enjoy,Jokes.,1358035200,5,0.0,0.0,0.0,0.2,0.0,0.4,0.0,0.0,0.0,0.2,0.2
62,B0093MU7QS,2,get free day ago read good joke especially good several shook head get,a few good jokes - most not so good,1358121600,5,0.0,0.0,0.0,0.18181818181818182,0.18181818181818182,0.18181818181818182,0.09090909090909091,0.0,0.0,0.18181818181818182,0.18181818181818182
140,B0093MU7QS,1,recommend contains profanity make fun religion tell blond joke make fun blond bad joke maybe first whole section fill joke drunk suspect author drunk compile either compile year old blond fixation,Not Recommended,1358208000,2,0.08333333333333333,0.08333333333333333,0.0,0.16666666666666666,0.0,0.16666666666666666,0.25,0.041666666666666664,0.041666666666666664,0.08333333333333333,0.08333333333333333
148,B0093MU7QS,2,ok guess old tired joke laugh glad free book would shame paid,101 best jokes,1358208000,2,0.07692307692307693,0.0,0.0,0.0,0.15384615384615385,0.15384615384615385,0.23076923076923078,0.07692307692307693,0.07692307692307693,0.15384615384615385,0.07692307692307693
69,B0093MU7QS,2,saw funny joke skip 'yo mamma ' stuff n't find funny would n't want kid say anyone,Not for kids,1358208000,2,0.0,0.0,0.0,0.3333333333333333,0.0,0.0,0.6666666666666666,0.0,0.0,0.0,
65,B0093MU7QS,5,love joke first n't like get funnier keep reading book,My gut hurts from laughing,1358467200,3,0.0,0.0,0.0,0.0,0.0,0.5,0.25,0.0,0.0,0.25,
195,B0093MU7QS,2,joke promise definitely would n't say best joke may chuckle one could 've hiccup two glad book free,Ok,1358640000,3,0.0,0.0,0.0,0.15384615384615385,0.07692307692307693,0.23076923076923078,0.15384615384615385,0.0,0.0,0.23076923076923078,0.15384615384615385
225,B0093MU7QS,4,cute holbrook n't think appropriate kid tendency hurt kid give kind help,Cute jokebook,1358812800,2,0.125,0.125,0.0,0.125,0.0,0.25,0.125,0.125,0.0,0.125,
242,B0093MU7QS,5,make smile l laugh groan best joke course since price free wallet n't suffer quick funny reading try,"Makes You Smile, Laugh And Groan",1358899200,1,0.0,0.0,0.0,0.07692307692307693,0.15384615384615385,0.23076923076923078,0.23076923076923078,0.07692307692307693,0.07692307692307693,0.15384615384615385,
16,B0093MU7QS,3,bar yo mama joke glad spend money book write much use kindle make,Ho Hum,1359158400,1,0.0,0.1,0.0,0.1,0.1,0.2,0.1,0.0,0.0,0.2,0.2
252,B0093MU7QS,1,seriously joke horrible bad heard much well joke case wrong title book change joke review would one star review,Wrong name,1359504000,2,0.17391304347826086,0.08695652173913043,0.0,0.08695652173913043,0.0,0.08695652173913043,0.30434782608695654,0.08695652173913043,0.08695652173913043,0.043478260869565216,0.043478260869565216
249,B0093MU7QS,1,many hear even funny racial prejudice horrible best joke big trouble,Lame,1360022400,4,0.14285714285714285,0.2857142857142857,0.0,0.0,0.0,0.0,0.42857142857142855,0.0,0.14285714285714285,0.0,
248,B0093MU7QS,4,good joke n't funny funny,Jokes,1360022400,4,0.0,0.0,0.0,0.16666666666666666,0.16666666666666666,0.16666666666666666,0.16666666666666666,0.0,0.0,0.16666666666666666,0.16666666666666666
123,B0093MU7QS,3,joke contain book appropriate use thing like article speak engagement dinner party etc 'll keep hand type situation think might need joke could offensive different audience though nothing laugh loud funny many heard,Will keep as a resource,1360108800,6,0.0,0.1,0.0,0.0,0.1,0.2,0.3,0.0,0.1,0.1,0.1
118,B0093MU7QS,1,maybe best joke kindergartener might tell except would n't talk people thing enter bar disappoint even download even free waste time,Best?,1360368000,6,0.0,0.1111111111111111,0.0,0.0,0.0,0.1111111111111111,0.3333333333333333,0.1111111111111111,0.2222222222222222,0.0,0.1111111111111111
155,B0093MU7QS,2,personally go thru ten minute find one worth remember forget ok time waste,Nothing much,1360368000,6,0.0,0.0,0.0,0.0,0.0,0.2,0.4,0.0,0.2,0.0,0.2
104,B0093MU7QS,3,first admit enjoy cheesy joke okay seem separated different group type joke standard walk bar type well yo momma joke chuckle loud quick flip something would keep kindle later reference,Free was a good price point,1360540800,5,0.0,0.0,0.0,0.16666666666666666,0.08333333333333333,0.16666666666666666,0.25,0.0,0.0,0.16666666666666666,0.16666666666666666
90,B0093MU7QS,5,free make book marvelous lol kid humor keep kid entertain entertain adult make purpose,Clean Joke Book,1360627200,3,0.0,0.0,0.0,0.0,0.0,0.5,0.0,0.0,0.0,0.5,
40,B0093MU7QS,4,hilarious lorax thomasville new comment game cc lorax thomasville,A,1360627200,3,0.0,0.0,0.0,0.0,0.3333333333333333,0.3333333333333333,0.0,0.0,0.0,0.3333333333333333,
182,B0093MU7QS,4,joke good heard many able use friend gut good chcukle bad would recommend,Good jokes but not amazing!,1360627200,3,0.045454545454545456,0.045454545454545456,0.0,0.18181818181818182,0.09090909090909091,0.18181818181818182,0.09090909090909091,0.045454545454545456,0.09090909090909091,0.13636363636363635,0.09090909090909091
304,B0093MU7QS,1,one bad book ever read luckily 's free book n't waste money well time waste bandwidth,Very bad and disturbing,1360800000,2,0.0625,0.125,0.0,0.0625,0.0625,0.0625,0.1875,0.0625,0.1875,0.0625,0.125
271,B0093MU7QS,2,book funny 've see joke forward email 'm delete kindle joke funny,Jokes not funny,1360800000,2,0.0,0.0,0.0,0.0,0.0,0.3333333333333333,0.6666666666666666,0.0,0.0,0.0,
20,B0093MU7QS,3,bit uneven quality get real good laughsif stick book use daily keep handy,Worth a few giggles,1361145600,10,0.0,0.0,0.0,0.2,0.1,0.3,0.1,0.0,0.0,0.1,0.2
45,B0093MU7QS,3,chose rating material mature side joke okay young child get book,"Okay, Not Great",1361318400,11,0.08333333333333333,0.08333333333333333,0.0,0.0,0.08333333333333333,0.16666666666666666,0.16666666666666666,0.08333333333333333,0.0,0.16666666666666666,0.16666666666666666
25,B0093MU7QS,1,expect anything book few joke even make smile pretty lame,Dumb,1361404800,11,0.0,0.0,0.0,0.23076923076923078,0.15384615384615385,0.23076923076923078,0.07692307692307693,0.0,0.0,0.15384615384615385,0.15384615384615385
89,B0093MU7QS,3,free kindle store really ca n't complain highlighted corny joke share,It was free so...,1361404800,11,0.0,0.1,0.0,0.1,0.0,0.2,0.2,0.1,0.0,0.1,0.2
143,B0093MU7QS,2,expect long bore n't impress book,Jokes?,1361491200,9,0.0,0.0,0.0,0.14285714285714285,0.14285714285714285,0.2857142857142857,0.14285714285714285,0.0,0.0,0.0,0.2857142857142857
219,B0093MU7QS,1,rehash lot old joke take henny youngman rodney dangerfield etc credit thumb,Rehash of a lot of old jokes,1361491200,9,0.0,0.0,0.0,0.3333333333333333,0.0,0.3333333333333333,0.3333333333333333,0.0,0.0,0.0,
200,B0093MU7QS,5,little old grandson laugh read need new jock kid,Jokes for kids,1361577600,6,0.0,0.0,0.0,0.0,0.3333333333333333,0.3333333333333333,0.0,0.0,0.0,0.3333333333333333,
33,B0093MU7QS,3,good humor easy reading real life instance find tonic stress relief day day life,Review of 101 Best Jokes,1361577600,6,0.0,0.0,0.0,0.2,0.1,0.4,0.1,0.0,0.0,0.1,0.1
139,B0093MU7QS,1,really expect book look simple joke child book,ehh.,1361577600,6,0.0,0.0,0.0,0.125,0.125,0.25,0.125,0.0,0.0,0.125,0.25
76,B0093MU7QS,3,interest funny joke real dud however like joke book good one free,Good,1361664000,4,0.0,0.0,0.0,0.2,0.1,0.3,0.2,0.0,0.0,0.1,0.1
49,B0093MU7QS,1,like book fun cruel n't get book 's time,Ducky,1361664000,4,0.1111111111111111,0.1111111111111111,0.0,0.0,0.0,0.1111111111111111,0.1111111111111111,0.1111111111111111,0.1111111111111111,0.1111111111111111,0.2222222222222222
218,B0093MU7QS,5,funny awesome book family love defiantly read love,Best book ever,1361750400,3,0.0,0.0,0.0,0.0,0.0,0.5,0.0,0.0,0.0,0.5,
243,B0093MU7QS,2,'s free give high rating 's clean 's joke 's free oh say 's short,Jokes! Jokes? Jokes.,1361836800,5,0.125,0.125,0.0,0.125,0.0,0.125,0.25,0.125,0.0,0.125,
206,B0093MU7QS,5,book cheesy joke also funny one well may road trip entertain laugh,Funny,1361923200,5,0.0,0.0,0.0,0.0,0.2857142857142857,0.2857142857142857,0.14285714285714285,0.0,0.0,0.2857142857142857,
18,B0093MU7QS,1,best joke n't think disappointed someone obviously try mislead surely name best joke,Ummm..,1361923200,5,0.1,0.2,0.0,0.1,0.0,0.0,0.4,0.1,0.1,0.0,
251,B0093MU7QS,2,money time read good joke book n't like,No good,1362355200,5,0.0,0.07692307692307693,0.0,0.15384615384615385,0.15384615384615385,0.15384615384615385,0.07692307692307693,0.0,0.0,0.15384615384615385,0.23076923076923078
127,B0093MU7QS,5,family laugh wonderful joke old one remember childhood forgotten thank whole family,THE OLD JOKES ARE REALLY FUN!,1362355200,5,0.07692307692307693,0.0,0.0,0.07692307692307693,0.15384615384615385,0.23076923076923078,0.15384615384615385,0.07692307692307693,0.0,0.23076923076923078,
77,B0093MU7QS,5,think little kid allow read book say mean thing get bad joke go school mean joke kid hurt feeling 's,101 best jokes,1362355200,5,0.13636363636363635,0.13636363636363635,0.0,0.09090909090909091,0.045454545454545456,0.045454545454545456,0.22727272727272727,0.13636363636363635,0.09090909090909091,0.045454545454545456,0.045454545454545456
187,B0093MU7QS,3,joke old tire good take minute read entire book travel,101 best jokes,1362441600,4,0.0,0.0,0.0,0.16666666666666666,0.16666666666666666,0.16666666666666666,0.16666666666666666,0.0,0.0,0.16666666666666666,0.16666666666666666
222,B0093MU7QS,5,funny book yo mamma stupid stick two double battery say got power,Really funny,1362441600,4,0.0,0.25,0.0,0.25,0.0,0.0,0.5,0.0,0.0,0.0,
204,B0093MU7QS,2,book hardly draw chuckle let alone hearty laugh joke pretty old stale definitely best joke,Not the Best,1362787200,3,0.0,0.0,0.0,0.13333333333333333,0.13333333333333333,0.2,0.2,0.0,0.0,0.2,0.13333333333333333
8,B0093MU7QS,4,although know expect title book woefully short especially anyone look fairly good joke joke however wo n't stand today 's scrutiny since 're bigoted really funny,Good,1362787200,3,0.041666666666666664,0.041666666666666664,0.0,0.16666666666666666,0.08333333333333333,0.16666666666666666,0.20833333333333334,0.08333333333333333,0.08333333333333333,0.041666666666666664,0.08333333333333333
142,B0093MU7QS,3,vert funny n't even read half ca n't find enough word waste time write,Lame,1362873600,4,0.0,0.0,0.0,0.2,0.0,0.2,0.2,0.0,0.2,0.0,0.2
229,B0093MU7QS,1,utterly boring please skip joke dryer week old toast sit counter funny roll eye much mom would smack side head sit next,Boo!!,1362960000,5,0.0,0.14285714285714285,0.0,0.0,0.0,0.14285714285714285,0.5714285714285714,0.0,0.0,0.14285714285714285,
214,B0093MU7QS,1,book disappointment choose read plane long flight oward end flight type humor,Dumb,1363046400,5,0.0,0.0,0.0,0.0,0.0,0.0,0.25,0.25,0.25,0.0,0.25
150,B0093MU7QS,5,oldie newbees 've hear still enjoy young folk may hear first time,Quick read before sleep.,1363392000,6,0.0,0.0,0.0,0.1111111111111111,0.1111111111111111,0.2222222222222222,0.0,0.0,0.0,0.2222222222222222,0.3333333333333333
216,B0093MU7QS,2,book humorous n't find laugh hardly lot joke one enjoy,Not very funny,1363392000,6,0.0,0.0,0.0,0.1,0.1,0.3,0.1,0.0,0.0,0.3,0.1
116,B0093MU7QS,1,low class rubbish could hardly smile one two good laugh wont look ever,PATHETIC,1363478400,5,0.0,0.0,0.0,0.13333333333333333,0.2,0.2,0.06666666666666667,0.0,0.06666666666666667,0.2,0.13333333333333333
144,B0093MU7QS,1,worth read even though free waste time lame recycle joke funny,Lame,1363478400,5,0.0,0.0,0.0,0.0,0.0,0.2,0.4,0.0,0.2,0.0,0.2
96,B0093MU7QS,4,want book would make laugh joke accomplish find joke old somewhat offensive racial physical stereotype make fun price low enough could feel rip paid regular price book would felt threw money away,OK book for the price.,1363564800,4,0.0,0.1,0.0,0.05,0.1,0.2,0.2,0.0,0.05,0.2,0.1
21,B0093MU7QS,2,cheesy unfunny ridiculous joke one understand 're write elementary school kid like literally three joke,Meh,1363651200,3,0.0,0.16666666666666666,0.0,0.16666666666666666,0.0,0.0,0.5,0.0,0.16666666666666666,0.0,
180,B0093MU7QS,2,book ok thing n't like interruption n't really like,So-So,1363824000,2,0.0,0.0,0.0,0.0,0.0,0.0,0.0,0.0,0.0,0.0,
9,B0093MU7QS,3,must true joke fan 's useful use bunch people want entertain,great joke app,1363824000,2,0.0,0.0,0.0,0.16666666666666666,0.0,0.3333333333333333,0.16666666666666666,0.0,0.0,0.3333333333333333,
134,B0093MU7QS,3,briliant material helpful locally present speech mostly g rat material nice around reference,In the Henny Youngman category,1363996800,5,0.08333333333333333,0.0,0.0,0.16666666666666666,0.08333333333333333,0.25,0.08333333333333333,0.0,0.08333333333333333,0.16666666666666666,0.08333333333333333
125,B0093MU7QS,3,joke acceptable overwhelming bit short prefer like complex joke,"Ok, but not overwhelming",1364342400,6,0.0,0.0,0.0,0.16666666666666666,0.0,0.5,0.3333333333333333,0.0,0.0,0.0,
67,B0093MU7QS,4,'m sure would consider best joke would categorize good joke book offer assortment different kind joke prepare easily offend book sex joke overall 's quick easy read finish book hour although joke rehash others put together nicely organize fashion,"101 ""good"" jokes",1364428800,4,0.0,0.041666666666666664,0.0,0.125,0.041666666666666664,0.25,0.25,0.0,0.041666666666666664,0.125,0.125
167,B0093MU7QS,3,joke funny good free download 'm glad n't pay,Kinda corny,1364428800,4,0.0,0.0,0.0,0.15384615384615385,0.07692307692307693,0.23076923076923078,0.07692307692307693,0.0,0.0,0.23076923076923078,0.23076923076923078
51,B0093MU7QS,3,n't realize book kid start read guess kid might understand joke adult friend could n't get half,Definitely for children,1364515200,3,0.0,0.0,0.0,0.16666666666666666,0.16666666666666666,0.16666666666666666,0.16666666666666666,0.0,0.0,0.16666666666666666,0.16666666666666666
63,B0093MU7QS,1,hat nota funny hardly joke hat book total waste time dont even bother,-_-,1364515200,3,0.0,0.0,0.0,0.0,0.0,0.0,0.6,0.0,0.2,0.0,0.2
126,B0093MU7QS,4,dumb blonde joke hate even blonde kinda funny time yo mamma joke funny,Weird,1364601600,4,0.1,0.1,0.0,0.1,0.0,0.0,0.4,0.1,0.1,0.0,0.1
56,B0093MU7QS,5,download book fun joke available niece nephews around,down load this for fun,1364860800,5,0.0,0.0,0.0,0.0,0.0,0.25,0.25,0.0,0.0,0.25,0.25
176,B0093MU7QS,1,joke n't even joke book rip give book star,101Best jokes,1365033600,5,0.0,0.0,0.0,0.16666666666666666,0.0,0.16666666666666666,0.3333333333333333,0.0,0.0,0.16666666666666666,0.16666666666666666
34,B0093MU7QS,5,great book recommend everybody whenever go party first read book fun strts best joke,Great Fun Book,1365120000,3,0.0,0.0,0.0,0.16666666666666666,0.0,0.3333333333333333,0.16666666666666666,0.0,0.0,0.16666666666666666,0.16666666666666666
0,B0093MU7QS,3,best joke short book boast quality content humorous witticism unfortunately actual material fall far short claim reality miscellaneous collection simple joke one liner wit child indeed find amusing admit joke funny hence star rating caution buyer low expectation book l seriously disappointed see book free suppose mediocrity anticipate however quality book 's material even recommend book interested enjoy trite simple humor would like memorize couple classic joke order break ice crowd impress friend none aforementioned case though suggest even waste time free reason alone sympathize want add book collection n't expect much originality humor,Rudimentary & Mediocre Humor,1365120000,3,0.043478260869565216,0.043478260869565216,0.0,0.10144927536231885,0.043478260869565216,0.2608695652173913,0.17391304347826086,0.08695652173913043,0.043478260869565216,0.10144927536231885,0.10144927536231885
196,B0093MU7QS,1,maybe funny joke whole book make sense clean joke thank goodness free,Not the best collection,1365206400,2,0.0,0.0,0.0,0.18181818181818182,0.09090909090909091,0.2727272727272727,0.18181818181818182,0.0,0.0,0.18181818181818182,0.09090909090909091
237,B0093MU7QS,1,disappointed one old joke even funny nevermind 'best ' maybe 's would n't recommend,"Maybe it's me,  but not so funny",1365379200,1,0.0,0.14285714285714285,0.0,0.14285714285714285,0.0,0.14285714285714285,0.2857142857142857,0.14285714285714285,0.14285714285714285,0.0,
157,B0093MU7QS,3,prety good joke oldie goody make sense read anyway,cute,1365552000,2,0.0,0.0,0.0,0.14285714285714285,0.14285714285714285,0.2857142857142857,0.14285714285714285,0.0,0.0,0.14285714285714285,0.14285714285714285
85,B0093MU7QS,3,alright joke kind lame warning offensive blonde haired people,Okay,1365984000,4,0.125,0.125,0.0,0.125,0.0,0.125,0.25,0.0,0.125,0.125,
164,B0093MU7QS,5,good stuff free book complain least kick back get laugh,Not Joking,1365984000,4,0.0,0.15384615384615385,0.0,0.07692307692307693,0.15384615384615385,0.15384615384615385,0.15384615384615385,0.07692307692307693,0.0,0.15384615384615385,0.07692307692307693
244,B0093MU7QS,5,n't like humor everyone one dour individual n't buy book fine representation everyday highbrow joke love humor need good reference quick smile best joke fill bill,"A Quick, Happy Read",1366243200,5,0.0,0.0,0.0,0.2,0.13333333333333333,0.2,0.2,0.0,0.0,0.2,0.06666666666666667
221,B0093MU7QS,4,one like hate book like joke really lame give headache laugh much best part free honest n't really worth entertain,101 Best Jokes,1366329600,5,0.1,0.1,0.0,0.05,0.05,0.2,0.15,0.1,0.1,0.15,
115,B0093MU7QS,5,love best book ever see mama joke funny say mama fat cereal come lifeguard funny,Funny but the bad  words,1366416000,3,0.0,0.0,0.0,0.0,0.0,0.16666666666666666,0.3333333333333333,0.16666666666666666,0.16666666666666666,0.16666666666666666,
228,B0093MU7QS,3,okay quick read thing 've never hear smile read realguffaws find free wo n't miss much,Humerous,1366416000,3,0.0,0.0,0.0,0.25,0.25,0.25,0.0,0.0,0.0,0.25,
78,B0093MU7QS,1,think 'd get could share joke grandson little brother say joke corny well enough joke corny 're old lot funny period,Jokes?  Where?,1366675200,3,0.0,0.0,0.0,0.2222222222222222,0.0,0.2222222222222222,0.3333333333333333,0.0,0.0,0.1111111111111111,0.1111111111111111
231,B0093MU7QS,2,much bad language delete finished reading six word reqiired go,Too trashy for my taste,1366761600,3,0.125,0.125,0.0,0.125,0.0,0.25,0.125,0.125,0.125,0.0,
170,B0093MU7QS,3,joke really fun never hear others remember kid tell sure would purchase book,Some Great Jokes,1366848000,2,0.0,0.0,0.0,0.0,0.0,0.25,0.25,0.0,0.0,0.25,0.25
156,B0093MU7QS,3,pretty funny clean humor leave roll aisle funny chuckle smile read leave work home 'll arrive home smile family appreciate,101 best jokes,1367193600,6,0.0,0.0,0.0,0.18518518518518517,0.18518518518518517,0.18518518518518517,0.07407407407407407,0.07407407407407407,0.0,0.18518518518518517,0.1111111111111111
133,B0093MU7QS,3,bad free book joke funny original worth read though,Mildly amusing,1367280000,5,0.14285714285714285,0.14285714285714285,0.0,0.0,0.0,0.14285714285714285,0.2857142857142857,0.14285714285714285,0.14285714285714285,0.0,
61,B0093MU7QS,2,give star part walk bar n't like make sense,101 best jokes,1367452800,6,0.0,0.0,0.0,0.2,0.0,0.4,0.0,0.0,0.0,0.2,0.2
113,B0093MU7QS,5,lot funny joke hear others deinitely pick special,Hilarity,1367539200,5,0.0,0.0,0.0,0.0,0.0,0.5,0.25,0.0,0.0,0.25,
245,B0093MU7QS,5,joke find something make laugh read 're look laugh,Hilarious Jokes,1367625600,3,0.0,0.0,0.0,0.0,0.2857142857142857,0.2857142857142857,0.14285714285714285,0.0,0.0,0.2857142857142857,
86,B0093MU7QS,3,alright somewhat old joke rather worn find little humor k best,101 (maybe 10 would have been a better number to use here) Best Jokes - Acceptable ...I think,1367625600,3,0.0,0.0,0.0,0.0,0.0,0.0,0.6666666666666666,0.3333333333333333,0.0,0.0,
232,B0093MU7QS,1,totally lame funny thing title slightly well colonoscopy hope 's ebook tree die birth n't waste time even free,Not Even Amusing!,1367625600,3,0.08,0.04,0.0,0.16,0.08,0.16,0.08,0.04,0.08,0.12,0.16
199,B0093MU7QS,1,call joke really stupid make sense hat joke book delete kindle buy crappy joke book,NOT GOOD AT ALL,1367971200,6,0.0,0.0,0.0,0.0,0.0,0.2,0.8,0.0,0.0,0.0,
41,B0093MU7QS,1,horrible joke page bad yomama joke appropriate child entertain adult would give zero star could,Just awful,1367971200,6,0.1,0.1,0.0,0.05,0.0,0.15,0.2,0.05,0.1,0.15,0.1
105,B0093MU7QS,5,joke book seldom make laugh book hilarious find tell joke friend family book great 'm thankful 's free,Very funny,1368144000,6,0.0,0.0,0.0,0.07692307692307693,0.15384615384615385,0.3076923076923077,0.15384615384615385,0.0,0.0,0.3076923076923077,
12,B0093MU7QS,3,say joke although would n't call best funny one 've see almost forward email last decade still free would like quick kindle access joke without log google around funny 's worth download think kid joke clean joke think 's 're save download author consequently unhappy review find sex joke drunks bar joke none raunchy judge review 's already enough twisted knickers collection,Meh it's ok,1368230400,4,0.0,0.04,0.0,0.2,0.0,0.24,0.28,0.04,0.04,0.12,0.04
264,B0093MU7QS,1,good joke hard find especially true book good joke much less best,Not so,1368230400,4,0.0,0.0,0.0,0.2,0.13333333333333333,0.2,0.13333333333333333,0.0,0.0,0.2,0.13333333333333333
112,B0093MU7QS,3,lot corny joke joke probably hear first grade decent one well worth cost free much else,Jokes that Make you Moan,1368316800,4,0.0,0.0,0.0,0.0,0.0,0.5,0.5,0.0,0.0,0.0,
129,B0093MU7QS,5,mother diagnose severe alzheimer 's laughter best medicine book make light laugh besides coconut oil best tool belt help,Laughter is the Best Medicine,1368403200,6,0.0625,0.0625,0.0,0.0625,0.125,0.1875,0.125,0.0625,0.0,0.1875,0.125
46,B0093MU7QS,3,chose review ask n't read enough joke give honest evaluation,best clean jokes,1368489600,5,0.125,0.125,0.0,0.125,0.0,0.125,0.125,0.125,0.125,0.125,
183,B0093MU7QS,4,joke corny big time corny however n't mean bunch n't funny p,Big Time Corn,1368662400,6,0.0,0.0,0.0,0.0,0.0,0.0,0.5,0.0,0.0,0.0,0.5
68,B0093MU7QS,1,nut shell good thing free n't waste bandwidth fill word limit,Stupid,1368835200,7,0.06666666666666667,0.06666666666666667,0.0,0.2,0.13333333333333333,0.13333333333333333,0.13333333333333333,0.06666666666666667,0.06666666666666667,0.06666666666666667,0.06666666666666667
213,B0093MU7QS,1,book suck definitely worth storage space kindle fire none joke even funny punny,Terrible,1368921600,4,0.25,0.0,0.0,0.0,0.0,0.25,0.5,0.0,0.0,0.0,
153,B0093MU7QS,1,one weird inappropriate book ever although say good joke book,Inappropriate.,1368921600,4,0.0,0.08333333333333333,0.0,0.08333333333333333,0.08333333333333333,0.08333333333333333,0.25,0.08333333333333333,0.16666666666666666,0.08333333333333333,0.08333333333333333
58,B0093MU7QS,4,look joke book get nerve make laugh eventually book,"#Fun Funny reads - Actually,not bad.",1368921600,4,0.0,0.0,0.0,0.0,0.2,0.4,0.2,0.0,0.0,0.2,
11,B0093MU7QS,3,best joke probably lot old quite n't find funny include section yo momma joke however teacher book provide reminder great joke use class example go review plural fox fox datum data dice die great joke start class julius caesar walk bad 'll martinus say bartender give puzzle look ask n't mean martini ' look julius casear retort want double 'd ask classic grammar gem usually underappreciated stduents past present future walk bar thing get tense work homonym show lot listen section sometimes read 's classic review different mean bar two guy walk bar third one duck practice idiom toefl use handle life break easy one joke would fit catgeories great addition class though honestly joke book n't favorite quite joke felt perpetuated negative sterotypes blonde joke example would prefer use class http eslcarissa blogspot mx use joke prepare toefl html,"Not all appropriate, nor all knee slappers, but overall OK",1369094400,3,0.0425531914893617,0.02127659574468085,0.0,0.1702127659574468,0.0425531914893617,0.23404255319148937,0.2765957446808511,0.06382978723404255,0.02127659574468085,0.06382978723404255,0.06382978723404255
149,B0093MU7QS,3,ok 's free 's always plus free good one liner 've hear joke ca n't say much new smile time read best bad book,Kinda lame but a few good one liners.,1369094400,3,0.0625,0.0625,0.0,0.125,0.125,0.125,0.125,0.0625,0.0625,0.125,0.125
190,B0093MU7QS,3,quite cute joke reader age get read smile,Its Good for a Laugh,1369267200,1,0.0,0.0,0.0,0.14285714285714285,0.14285714285714285,0.42857142857142855,0.14285714285714285,0.0,0.0,0.14285714285714285,
50,B0093MU7QS,2,n't get book daughter ok guess get rid n't funny,It's a joke,1369267200,1,0.0,0.0,0.0,0.0,0.3333333333333333,0.3333333333333333,0.0,0.0,0.0,0.3333333333333333,
39,B0093MU7QS,5,ha ha ha ha ha enjoy book even become life party tell good joke time time feel free try,101 best jokes,1369612800,1,0.0,0.0,0.0,0.16666666666666666,0.08333333333333333,0.16666666666666666,0.08333333333333333,0.0,0.0,0.16666666666666666,0.3333333333333333
108,B0093MU7QS,2,funny even joke joke tell slight form change,Old bad jokes.,1369872000,0,0.3333333333333333,0.0,0.0,0.0,0.0,0.0,0.6666666666666666,0.0,0.0,0.0,
158,B0093MU7QS,5,review author ofshort profane political humor article pepper profanity best joke may well hear laughter important important sorrow one particularly nice thing book one tire unfocused skim around read joke good job enjoyable book,Funny Jokebook and Easy Quick Read,1370736000,4,0.04,0.08,0.0,0.16,0.08,0.24,0.2,0.04,0.0,0.08,0.08
217,B0093MU7QS,1,book simply funny fortunately short joke wo n't waste much time,Short and Not That Funny,1370995200,7,0.0,0.0,0.0,0.0,0.0,0.0,0.5,0.0,0.25,0.0,0.25
121,B0093MU7QS,2,mostly stupid run mill joke funny one talk mislead title glad download free,Lame,1370995200,7,0.07692307692307693,0.07692307692307693,0.0,0.15384615384615385,0.0,0.23076923076923078,0.23076923076923078,0.0,0.0,0.07692307692307693,0.15384615384615385
72,B0093MU7QS,1,read joke make sort smile leave maybe wait sequel well joke,"If these were the ""best jokes"", don't show me the rest",1371168000,8,0.0,0.0,0.0,0.08333333333333333,0.16666666666666666,0.08333333333333333,0.3333333333333333,0.08333333333333333,0.0,0.08333333333333333,0.16666666666666666
165,B0093MU7QS,4,heard year offensive cover afternoon selective,Simple jokes,1371254400,8,0.0,0.25,0.0,0.25,0.0,0.0,0.25,0.0,0.25,0.0,
169,B0093MU7QS,2,joke really bore corny say n't buy sincerely bored reader,Not that great,1371427200,6,0.0,0.0,0.0,0.0,0.0,0.3333333333333333,0.6666666666666666,0.0,0.0,0.0,
197,B0093MU7QS,1,joke awful funny glad free book n't waste money,Worst jokes ever,1371427200,6,0.058823529411764705,0.11764705882352941,0.0,0.058823529411764705,0.058823529411764705,0.11764705882352941,0.17647058823529413,0.058823529411764705,0.11764705882352941,0.11764705882352941,0.11764705882352941
29,B0093MU7QS,3,free book nothing loose give try get laugh cuckles even giggle two clean joke mostly tell kid,cute jokes,1371513600,3,0.0,0.0,0.0,0.1111111111111111,0.1111111111111111,0.3333333333333333,0.1111111111111111,0.0,0.0,0.3333333333333333,
160,B0093MU7QS,2,seem like joke modify little although chuckle,old jokes,1371513600,3,0.0,0.0,0.0,0.14285714285714285,0.2857142857142857,0.14285714285714285,0.14285714285714285,0.0,0.0,0.14285714285714285,0.14285714285714285
175,B0093MU7QS,1,free dumb dumb dumber n't even think download movie would name delete second,Waste of time,1371513600,3,0.0,0.0,0.0,0.0,0.0,0.0,1.0,0.0,0.0,0.0,
22,B0093MU7QS,3,consider price pretty please joke book gem lot duds bad 've certainly get new material bar,Some good most bad,1371686400,2,0.08333333333333333,0.08333333333333333,0.0,0.08333333333333333,0.0,0.16666666666666666,0.16666666666666666,0.08333333333333333,0.08333333333333333,0.16666666666666666,0.08333333333333333
17,B0093MU7QS,1,best joke n't like look couple front book back book joke n't make since joke 've already hear get free bore bore enough look whole thing,Bad,1371686400,2,0.0,0.0,0.0,0.0,0.0,0.0,1.0,0.0,0.0,0.0,
73,B0093MU7QS,5,really enjoy joke book share many friend co worker get good laugh sometimes would read lift mood thank smile,Great jokes to share with friends,1371772800,2,0.0,0.0,0.0,0.20833333333333334,0.125,0.25,0.041666666666666664,0.0,0.0,0.25,0.125
27,B0093MU7QS,1,n't think even chuckled reading tire old joke glad n't cost anything certainly would n't recommend,Not really funny,1372118400,3,0.0,0.0,0.0,0.14285714285714285,0.0,0.42857142857142855,0.14285714285714285,0.0,0.0,0.14285714285714285,0.14285714285714285
88,B0093MU7QS,1,adult think kid want careful title offence really good joke though,To for adults,1372291200,2,0.0,0.0,0.0,0.2222222222222222,0.1111111111111111,0.3333333333333333,0.1111111111111111,0.0,0.0,0.1111111111111111,0.1111111111111111
101,B0093MU7QS,1,really disappointed book first section ok joke become vulgar end delete book kindle library,some inappropriate jokes,1372377600,2,0.0,0.125,0.0,0.0,0.0,0.125,0.375,0.125,0.25,0.0,
26,B0093MU7QS,1,waste time book totally lame worth time really star,Lame,1372464000,2,0.0,0.0,0.0,0.1111111111111111,0.0,0.2222222222222222,0.1111111111111111,0.0,0.1111111111111111,0.1111111111111111,0.3333333333333333
83,B0093MU7QS,3,'s always subjective lame hilarious among forgettable one pass next generation well,"Some are lame, some are timeless",1372896000,3,0.0,0.0,0.0,0.0,0.3333333333333333,0.3333333333333333,0.0,0.0,0.0,0.3333333333333333,
236,B0093MU7QS,4,funny keep come make u laugh guess 's come next joke somei hear n't,101 best jokes,1372982400,4,0.0,0.0,0.0,0.0,0.4,0.2,0.2,0.0,0.0,0.2,
103,B0093MU7QS,2,go whole book hour alot really funny joke cute one,OK,1373155200,4,0.0,0.0,0.0,0.0,0.0,0.5,0.5,0.0,0.0,0.0,
80,B0093MU7QS,4,free nothing lose politically incorrect one definitely kid joke joke,"some good, some corny",1373328000,3,0.1111111111111111,0.1111111111111111,0.0,0.0,0.1111111111111111,0.0,0.4444444444444444,0.1111111111111111,0.1111111111111111,0.0,
215,B0093MU7QS,5,book good joke pretty funny little bit stupid n't understand,Great,1373500800,1,0.0,0.0,0.0,0.18181818181818182,0.09090909090909091,0.18181818181818182,0.18181818181818182,0.0,0.0,0.18181818181818182,0.18181818181818182
31,B0093MU7QS,3,fun read even tho heard price good material relaxing brain,old school stuff,1373500800,1,0.0,0.0,0.0,0.125,0.125,0.25,0.0,0.0,0.0,0.25,0.25
3,B0093MU7QS,1,couple joke make smile maybe child would like least short get pay free book,101 best jokes,1373587200,0,0.0,0.0,0.0,0.16666666666666666,0.08333333333333333,0.25,0.08333333333333333,0.0,0.0,0.25,0.16666666666666666
189,B0093MU7QS,5,one logic class absolute bet laugh hard think scar neighbour,Hilarious,1374451200,4,0.1111111111111111,0.1111111111111111,0.0,0.0,0.1111111111111111,0.2222222222222222,0.1111111111111111,0.1111111111111111,0.1111111111111111,0.1111111111111111,
102,B0093MU7QS,5,watch comedy time n't know funny joke mess thought would read thing funny make laugh,excellent,1374451200,4,0.1,0.0,0.0,0.0,0.1,0.1,0.2,0.0,0.1,0.1,0.3
82,B0093MU7QS,1,naked butt could better would recommend body buy,B,1374537600,2,0.0,0.0,0.0,0.3333333333333333,0.0,0.3333333333333333,0.3333333333333333,0.0,0.0,0.0,
177,B0093MU7QS,3,begin joke hit miss funny second half book funny funnier joke repertoire e,Okay funny,1374537600,2,0.0,0.25,0.0,0.0,0.0,0.0,0.75,0.0,0.0,0.0,
224,B0093MU7QS,3,kindle need format little bit well joke funny painful read bad book great one either,Some Good Jokes. Some Painful.,1374537600,2,0.18181818181818182,0.18181818181818182,0.0,0.0,0.0,0.0,0.2727272727272727,0.18181818181818182,0.18181818181818182,0.0,
94,B0093MU7QS,4,'ve enjoy reading share joke book share facebook definitely worth kindle,I love to laugh!,1374969600,5,0.0,0.0,0.0,0.2,0.0,0.3333333333333333,0.06666666666666667,0.0,0.0,0.2,0.2
151,B0093MU7QS,1,old outdated idiotic joke laugh waste time read n't bother,Waste of time.,1375056000,5,0.0,0.09090909090909091,0.0,0.0,0.09090909090909091,0.09090909090909091,0.36363636363636365,0.0,0.18181818181818182,0.09090909090909091,0.09090909090909091
178,B0093MU7QS,1,book good description joke bad funny delete joke kid like,this was the stupidest book,1375228800,4,0.08333333333333333,0.08333333333333333,0.0,0.08333333333333333,0.08333333333333333,0.08333333333333333,0.25,0.08333333333333333,0.08333333333333333,0.08333333333333333,0.08333333333333333
6,B0093MU7QS,3,good book stuff funny 's joke smart understand,Okay,1375315200,3,0.0,0.0,0.0,0.16666666666666666,0.16666666666666666,0.16666666666666666,0.16666666666666666,0.0,0.0,0.16666666666666666,0.16666666666666666
146,B0093MU7QS,5,well joke funny one show friend enjoy book,Oh man.,1375401600,2,0.0,0.0,0.0,0.3333333333333333,0.0,0.2222222222222222,0.1111111111111111,0.0,0.0,0.2222222222222222,0.1111111111111111
48,B0093MU7QS,1,find anything even mildly funny read lame clean even make sense clearly recommend,"Where did ""Best"" come from?",1375488000,1,0.0,0.0,0.0,0.3333333333333333,0.0,0.5,0.0,0.0,0.0,0.16666666666666666,
75,B0093MU7QS,1,really hope best joke 've ever hear 's like funny though,Not really the best jokes,1375574400,0,0.0,0.0,0.0,0.16666666666666666,0.16666666666666666,0.16666666666666666,0.16666666666666666,0.0,0.0,0.16666666666666666,0.16666666666666666
107,B0093MU7QS,3,joke book heard lot hang around bar place people gather drink two,Jokes,1376352000,4,0.0,0.0,0.0,0.0,0.0,0.0,1.0,0.0,0.0,0.0,
188,B0093MU7QS,1,joke really bad taste try read everything give fair rating read book opinion n't change title best misleading,Stupid jokes :/,1376524800,4,0.17647058823529413,0.17647058823529413,0.0,0.058823529411764705,0.0,0.11764705882352941,0.23529411764705882,0.11764705882352941,0.11764705882352941,0.0,
23,B0093MU7QS,3,definitely corny overly amuse get bore first page delete simply well way spend time,Corny!,1376611200,4,0.0,0.0,0.0,0.0,0.0,0.25,0.25,0.0,0.0,0.25,0.25
240,B0093MU7QS,1,weird dirty book adult great book think good night time,101 best jokes,1376870400,4,0.0,0.0,0.0,0.1,0.1,0.1,0.2,0.0,0.2,0.1,0.2
92,B0093MU7QS,3,pretty funny good one 'd hear also couple new 'd say really like fifth 's really fast read like five minute,Good for a quick laugh,1376870400,4,0.0,0.0,0.0,0.2222222222222222,0.1111111111111111,0.2222222222222222,0.0,0.0,0.0,0.2222222222222222,0.2222222222222222
66,B0093MU7QS,4,'m sure best joke funny enjoyed reading think deliver say since best clearly eye beholder,It deliveers the 101 jokes,1376956800,4,0.0,0.0,0.0,0.0,0.0,0.5,0.5,0.0,0.0,0.0,
181,B0093MU7QS,5,grandson request keep entertain long car trip course adult put joke worth,Grandson requested,1377129600,4,0.0,0.0,0.0,0.0,0.16666666666666666,0.3333333333333333,0.16666666666666666,0.0,0.0,0.16666666666666666,0.16666666666666666
59,B0093MU7QS,1,look something year old book however look something tell adult party ate wasting time unless look win corny joke award,childish,1377216000,4,0.09090909090909091,0.0,0.0,0.09090909090909091,0.09090909090909091,0.09090909090909091,0.18181818181818182,0.09090909090909091,0.09090909090909091,0.09090909090909091,0.18181818181818182
202,B0093MU7QS,5,book even make hubby laugh 's hard thanks wonderful laugh share together,Made my hubby laugj,1377302400,3,0.0,0.0,0.0,0.14285714285714285,0.21428571428571427,0.2857142857142857,0.0,0.0,0.0,0.2857142857142857,0.07142857142857142
131,B0093MU7QS,4,need good laugh get book lot new joke never hear even variation dumb blonde joke computer joke husband wife joke get idea something everybody however strike totally awesome book contain lot intelligent joke kind joke tell bore business meeting convention look fabulous intelligent funny among favorite e flat walk bar bartender say sorry n't serve minor jesus christ walk bar say 'll glass water doubt therefore might author since take latin four long year truly appreciate martinus joke former latin teacher would present might appreciate teaching bit,It's a blast + some intelligent jokes,1377475200,2,0.02127659574468085,0.02127659574468085,0.0,0.23404255319148937,0.06382978723404255,0.2127659574468085,0.2553191489361702,0.02127659574468085,0.0,0.10638297872340426,0.06382978723404255
162,B0093MU7QS,5,short funny seem previous reader misinterpret section book advertising humor book perhaps might bite randy young way implies 's kid read laugh little,Lol...,1377561600,1,0.0,0.0,0.0,0.0,0.2222222222222222,0.3333333333333333,0.1111111111111111,0.0,0.0,0.2222222222222222,0.1111111111111111
93,B0093MU7QS,4,use joke meet new customer nice funny clean joke help break ice,Good Clean Jokes,1377734400,3,0.0,0.0,0.0,0.14285714285714285,0.14285714285714285,0.2857142857142857,0.2857142857142857,0.0,0.0,0.14285714285714285,
192,B0093MU7QS,2,religious joke christian sensitive may wish reconsider prospective purchase main issue though joke n't great rib tickler include interspersed bundle bore one overall enough entertainment get book ground,Not so great,1378166400,4,0.0,0.0,0.0,0.18181818181818182,0.09090909090909091,0.2727272727272727,0.2727272727272727,0.0,0.0,0.09090909090909091,0.09090909090909091
241,B0093MU7QS,4,expect book joke serious drama come lighten book promise least deliver andtwo scoop grace chuckle top sweet funny reminder god 's heart christian spiritual growth week 's favorite farcical funny read 's alliteration,"No kidding, it's funny",1378252800,2,0.030303030303030304,0.0,0.0,0.21212121212121213,0.09090909090909091,0.2727272727272727,0.06060606060606061,0.0,0.030303030303030304,0.15151515151515152,0.15151515151515152
30,B0093MU7QS,4,funny stuff really enjoyed whole book especially blonde joke hahaha would definitely recommend book friend,101 Jokes,1378252800,2,0.0,0.0,0.0,0.3333333333333333,0.0,0.3333333333333333,0.16666666666666666,0.0,0.0,0.16666666666666666,
305,B0093MU7QS,2,give star joke moderately funny none make lol,Just okay..,1378512000,2,0.0,0.0,0.0,0.2,0.0,0.2,0.2,0.0,0.0,0.2,0.2
297,B0093MU7QS,3,free book mean fabulous laugh joke many confuse also sure good yet promotion erotic book book,Bad joke,1378512000,2,0.0,0.0,0.0,0.11764705882352941,0.17647058823529413,0.23529411764705882,0.17647058823529413,0.0,0.0,0.17647058823529413,0.11764705882352941
281,B0093MU7QS,1,let daughter get 's lot stupid n't care content others n't make sense punch line annoy,Lame.,1378944000,4,0.06666666666666667,0.13333333333333333,0.0,0.06666666666666667,0.06666666666666667,0.2,0.2,0.06666666666666667,0.06666666666666667,0.13333333333333333,
302,B0093MU7QS,3,joke funny others book kinds formatting easy read real chuckle n't mind skim past joke less funny come family jokester 's always nice gem sleeve,An Average Amount of Funny,1379030400,3,0.0,0.0,0.0,0.18181818181818182,0.09090909090909091,0.2727272727272727,0.18181818181818182,0.0,0.0,0.18181818181818182,0.09090909090909091
284,B0093MU7QS,1,ok child adult silly stuff ten word need say disappointed content,101 best jokes - various authors,1379116800,2,0.0,0.07142857142857142,0.0,0.14285714285714285,0.0,0.21428571428571427,0.14285714285714285,0.07142857142857142,0.07142857142857142,0.21428571428571427,0.07142857142857142
256,B0093MU7QS,1,never read anything unfunny life know know free complaining awful,The worst,1379289600,3,0.2,0.2,0.0,0.0,0.0,0.0,0.2,0.2,0.2,0.0,
255,B0093MU7QS,2,difficult task find twenty word describe rubbish oh goodness say oh still two word require,101 best jokes,1379462400,2,0.07692307692307693,0.0,0.0,0.23076923076923078,0.07692307692307693,0.3076923076923077,0.07692307692307693,0.0,0.07692307692307693,0.07692307692307693,0.07692307692307693
184,B0093MU7QS,4,joke great risque ' others make sense funny sorry book thought could expect book free want joke perhaps could buy one,101 Best Jokes,1379808000,1,0.0,0.0,0.0,0.125,0.125,0.25,0.25,0.0,0.0,0.0,0.25
32,B0093MU7QS,4,good fun kid please 'm found joke n't hear,good fun,1379808000,1,0.0,0.0,0.0,0.16666666666666666,0.08333333333333333,0.25,0.08333333333333333,0.0,0.0,0.25,0.16666666666666666
185,B0093MU7QS,3,joke like probably hear dozen time still good read lunch break,Okay,1380153600,2,0.0,0.0,0.0,0.125,0.25,0.125,0.125,0.0,0.0,0.125,0.25
211,B0093MU7QS,1,book supposedly best joke joke maybe grade schoolers would enjoy n't even find one joke mildly amuse,Not,1380412800,1,0.0,0.0,0.0,0.1111111111111111,0.0,0.2222222222222222,0.3333333333333333,0.0,0.0,0.2222222222222222,0.1111111111111111
4,B0093MU7QS,3,good laugh joke old heard many time year interest read quickly forget,Some funny stuff,1380412800,1,0.0,0.0,0.0,0.08333333333333333,0.16666666666666666,0.25,0.16666666666666666,0.0,0.0,0.16666666666666666,0.16666666666666666
111,B0093MU7QS,2,liz think fun dc see egg egg hi see ssh jr ex cm wax ssh jr free dc hi jr egg see san hgw egg tree egg egg egg egg dc egg egg egg egg egg egg egg egg dc egg ssh wax,Panic,1380931200,2,0.0,0.1,0.0,0.1,0.1,0.2,0.0,0.0,0.1,0.2,0.2
97,B0093MU7QS,2,disappointed book think joke particularly funny nothing original creative simply rehash variation farmer 's daughter mentality,101 Best Jokes,1381190400,2,0.0,0.125,0.0,0.0,0.0,0.25,0.25,0.125,0.125,0.125,
47,B0093MU7QS,4,definitely would call joke best joke joke amuse price joke,GOOD FOR A CHUCKLE,1381363200,1,0.0,0.0,0.0,0.0,0.0,0.16666666666666666,0.6666666666666666,0.0,0.0,0.16666666666666666,
138,B0093MU7QS,1,one faves good joke kid n't even like joke,not happy,1381622400,3,0.0,0.0,0.0,0.14285714285714285,0.14285714285714285,0.14285714285714285,0.2857142857142857,0.0,0.0,0.14285714285714285,0.14285714285714285
53,B0093MU7QS,2,n't recall book publish disappointed n't new joke hopefully better joke book sale,Disappointing.,1381968000,2,0.0,0.16666666666666666,0.0,0.0,0.0,0.0,0.5,0.16666666666666666,0.16666666666666666,0.0,
70,B0093MU7QS,5,originally get bad day need something read besides devotional right bed get sleep easy book help lot continue brighten pre sleep time weird know,Clean jokes for your palate!,1382054400,2,0.058823529411764705,0.058823529411764705,0.0,0.17647058823529413,0.058823529411764705,0.17647058823529413,0.11764705882352941,0.058823529411764705,0.11764705882352941,0.058823529411764705,0.11764705882352941
209,B0093MU7QS,5,book make laugh much totally enjoyable read many funny joke truly like book simply like laugh know someone need check book,Do you like to laugh?,1382140800,1,0.0,0.0,0.0,0.0,0.2857142857142857,0.2857142857142857,0.14285714285714285,0.0,0.0,0.2857142857142857,
87,B0093MU7QS,5,awesome laugh hard almost fell seat give book five star,Funny!,1382572800,2,0.0,0.0,0.0,0.1111111111111111,0.1111111111111111,0.2222222222222222,0.1111111111111111,0.1111111111111111,0.0,0.2222222222222222,0.1111111111111111
36,B0093MU7QS,3,great car ride kid could trade clean joke adult fun see laugh oldie goody,Great to tell kids some old (clean) jokes.,1382745600,2,0.0,0.0,0.0,0.18181818181818182,0.09090909090909091,0.2727272727272727,0.09090909090909091,0.0,0.0,0.2727272727272727,0.09090909090909091
223,B0093MU7QS,4,joke book pretty darn good course 's got 've already hear heard forget even never hear type guy read good joke go around tell love read get good laugh 's also good friend sit around house brew two turn kindle laugh best part though totally free kindle book enjoy,Lots of laughs,1382832000,1,0.0,0.0,0.0,0.16666666666666666,0.14285714285714285,0.23809523809523808,0.07142857142857142,0.0,0.0,0.23809523809523808,0.14285714285714285
147,B0093MU7QS,1,occasionally type free whatever kind book want see get book pop type free child 's book many joke use language inappropriate child 's joke joke type child could n't understand parent want spend time explain joke several time throughout book would turn page find advertisement another joke book one joke book advertise dirty joke book yeah every kid need crack smile amazon would well purge book others like file,INAPPROPRIATE,1383177600,1,0.02631578947368421,0.02631578947368421,0.0,0.07894736842105263,0.05263157894736842,0.15789473684210525,0.3157894736842105,0.02631578947368421,0.05263157894736842,0.13157894736842105,0.13157894736842105
91,B0093MU7QS,2,n poo every funny couple joke good,Not fit,1383696000,5,0.0,0.0,0.0,0.16666666666666666,0.16666666666666666,0.16666666666666666,0.16666666666666666,0.0,0.0,0.16666666666666666,0.16666666666666666
7,B0093MU7QS,4,good compilation joke might read heard elsewhere big plus book available download free kindle,A good compilation,1383782400,6,0.0,0.0,0.0,0.16666666666666666,0.16666666666666666,0.16666666666666666,0.16666666666666666,0.0,0.0,0.16666666666666666,0.16666666666666666
230,B0093MU7QS,2,though joke really good bland would n't recommend book real purchase worthy ok free read possible,Bad,1384041600,7,0.0,0.0,0.0,0.3076923076923077,0.07692307692307693,0.3076923076923077,0.15384615384615385,0.0,0.0,0.07692307692307693,0.07692307692307693
145,B0093MU7QS,2,worth read expect really real joke repeat spiel sometimes introductory word difference topic dont buy,not a real joke book..waste of money,1384128000,7,0.0,0.0,0.0,0.3,0.1,0.4,0.1,0.0,0.0,0.0,0.1
246,B0093MU7QS,3,yea well ok child worth price know get pay,you get what you pay for,1384214400,5,0.0,0.0,0.0,0.125,0.0,0.375,0.0,0.0,0.0,0.25,0.25
174,B0093MU7QS,1,stupid book know write certain amount word ca n't think anything else except stupid book,BOOOOO,1384214400,5,0.0,0.0,0.0,0.25,0.0,0.25,0.5,0.0,0.0,0.0,
37,B0093MU7QS,5,great read bore church service oops say loud bad,Good jokes,1384300800,3,0.1,0.1,0.0,0.1,0.0,0.1,0.2,0.1,0.1,0.1,0.1
238,B0093MU7QS,4,good mixture blonde yo mom 's joke others make funny gut busting joke,101 best jokes,1384300800,3,0.0,0.0,0.0,0.125,0.125,0.125,0.25,0.0,0.125,0.125,0.125
168,B0093MU7QS,3,joke pretty funny unfortunately lot joke 've hear thousand time,Ok,1384473600,3,0.0,0.0,0.0,0.14285714285714285,0.0,0.14285714285714285,0.2857142857142857,0.0,0.0,0.14285714285714285,0.2857142857142857
124,B0093MU7QS,2,joke book really stupid would definitely agree best joke even good joke actually 'm glad free would really upset,dont waste your time,1384560000,2,0.0,0.0625,0.0,0.0625,0.0625,0.1875,0.3125,0.0625,0.0,0.125,0.125
137,B0093MU7QS,1,type book n't even know come kindle must friend use kindle,not my thing,1384646400,1,0.0,0.0,0.0,0.3333333333333333,0.0,0.3333333333333333,0.0,0.0,0.0,0.3333333333333333,
141,B0093MU7QS,4,sure much new material problem joke book enough get chuckle laugh loud,Smile awhile,1384905600,3,0.08333333333333333,0.0,0.0,0.08333333333333333,0.16666666666666666,0.16666666666666666,0.16666666666666666,0.08333333333333333,0.0,0.16666666666666666,0.08333333333333333
186,B0093MU7QS,3,joke ok make chuckle nothing give full laugh little disappointed,ok jokes,1385251200,3,0.0,0.07142857142857142,0.0,0.07142857142857142,0.14285714285714285,0.21428571428571427,0.14285714285714285,0.07142857142857142,0.07142857142857142,0.14285714285714285,0.07142857142857142
110,B0093MU7QS,4,like free book although meant child need get serious understand even child already know joke mean even daughter laugh joke inside book recommendation look find laughs book easily offend joke book mature enough understand book elementary middle school age child,Thanks for the laugh!,1385251200,3,0.0,0.047619047619047616,0.0,0.047619047619047616,0.047619047619047616,0.23809523809523808,0.19047619047619047,0.0,0.047619047619047616,0.23809523809523808,0.14285714285714285
198,B0093MU7QS,2,joke funny enjoy put joke prefer pun word play n't best joke opinion,Derogatory jokes,1385337600,2,0.0,0.0,0.0,0.2727272727272727,0.0,0.2727272727272727,0.2727272727272727,0.0,0.0,0.09090909090909091,0.09090909090909091
19,B0093MU7QS,2,best joke really 'jokes ' actually funny laugh loud find unfortunately,Certainly not best jokes,1385596800,1,0.0,0.0,0.0,0.0,0.25,0.25,0.25,0.0,0.0,0.25,
60,B0093MU7QS,1,like joke book lot different type joke bartender joke blonde joke husband wife joke yo mama joke computer joke starters n't funny joke laugh three make thing bad many joke eligible social security 've around long funny joke 'll read book get book free 've waste fifteen minute life pay 've waste dollar plus fifteen minute life,"Old, Stale Jokes Just Aren't Funny",1385769600,1,0.034482758620689655,0.034482758620689655,0.0,0.06896551724137931,0.034482758620689655,0.10344827586206896,0.4482758620689655,0.034482758620689655,0.10344827586206896,0.06896551724137931,0.06896551724137931
272,B0093MU7QS,3,others point joke good others bad corny seven example baby seal walk bar bartender ask strange anything canadian club reply seal baseball walk bar bartender throw drink walk bar ouch say fish walk bar bartender say fish croak water jesus christ walk bar say 'll glass water past present future walk bar thing get tense two guy walk bar third one duck,Readers question whether these jokes are funny,1386288000,2,0.04,0.04,0.0,0.28,0.08,0.2,0.08,0.04,0.04,0.12,0.08
136,B0093MU7QS,2,kind joke title mislead expect joke funnier remove kindle,Not my kind of jokes.,1386374400,3,0.10526315789473684,0.10526315789473684,0.0,0.21052631578947367,0.05263157894736842,0.15789473684210525,0.21052631578947367,0.05263157894736842,0.0,0.05263157894736842,0.05263157894736842
71,B0093MU7QS,2,purchase able share joke niece nephew enjoyed joke although teenage kid think corny bad would recommend young age kid,"It was ok, for younger kids.",1386633600,2,0.058823529411764705,0.058823529411764705,0.0,0.11764705882352941,0.058823529411764705,0.17647058823529413,0.17647058823529413,0.058823529411764705,0.058823529411764705,0.11764705882352941,0.11764705882352941
106,B0093MU7QS,3,joke corny laugh want read joke best way go since charge put kindle,Hahaha,1386892800,1,0.0,0.0,0.0,0.0,0.2,0.2,0.4,0.0,0.0,0.2,
128,B0093MU7QS,3,husband think lame suitable junior high make chuckle wo n't leave kindle,Heard them all before,1386892800,1,0.0,0.0,0.0,0.1111111111111111,0.2222222222222222,0.2222222222222222,0.1111111111111111,0.1111111111111111,0.0,0.1111111111111111,0.1111111111111111
74,B0093MU7QS,3,really use anyone yet life remember download good joke sure get around use intend purpose really like access choice need desire use thanks amazon,Really have not used it..,1387324800,1,0.0,0.0,0.0,0.25,0.125,0.25,0.125,0.0,0.0,0.125,0.125
114,B0093MU7QS,5,love yo ' mama joke never hear fun energetic read often laugh hard,101 Best Jokes.,1387670400,6,0.0,0.0,0.0,0.0,0.1,0.4,0.1,0.0,0.0,0.3,0.1
166,B0093MU7QS,3,joke cute excite get free worth drive space heard variation,Meh,1387929600,4,0.1111111111111111,0.1111111111111111,0.0,0.0,0.1111111111111111,0.3333333333333333,0.1111111111111111,0.0,0.0,0.1111111111111111,0.1111111111111111
95,B0093MU7QS,3,'ve see much well joke book one bit lame really push get g rating nothing original sad say 'd browse book doctor 's office killing time wait otherwise would read,A 3 on my 1-10 scale.,1387929600,4,0.14285714285714285,0.14285714285714285,0.0,0.07142857142857142,0.0,0.07142857142857142,0.2857142857142857,0.14285714285714285,0.0,0.0,0.14285714285714285
122,B0093MU7QS,1,book talk bad blond funny horriblw book,Stupid,1388016000,5,0.16666666666666666,0.16666666666666666,0.0,0.0,0.0,0.16666666666666666,0.16666666666666666,0.16666666666666666,0.16666666666666666,0.0,
154,B0093MU7QS,4,pack full joke even adult enjoy enjoy even tell kid pretty fun funny,good for kids,1388102400,6,0.0,0.0,0.0,0.17647058823529413,0.0,0.29411764705882354,0.058823529411764705,0.0,0.0,0.23529411764705882,0.23529411764705882
233,B0093MU7QS,1,bad book least read joke occupy volume computer waste word,bad book,1388188800,5,0.09090909090909091,0.09090909090909091,0.0,0.09090909090909091,0.0,0.18181818181818182,0.2727272727272727,0.09090909090909091,0.18181818181818182,0.0,
13,B0093MU7QS,2,joke go book part sub standard old attempt humor n't waste money,Review of 101 Best Jokes,1388188800,5,0.0,0.1,0.0,0.1,0.1,0.1,0.2,0.0,0.1,0.1,0.2
14,B0093MU7QS,1,guess care book joke stale really funny thought would gems mix wrong n't get free would feel cheated,Sucks.,1388534400,7,0.0,0.0,0.0,0.0,0.2,0.0,0.6,0.0,0.0,0.0,0.2
269,B0093MU7QS,2,decide give try well n't really know joke start read n't even finish terrible find one funny joke true n't read whole book know get free still could better suggest get joke make sense n't punch line terrible book even free standard,This is terrible!,1388534400,7,0.125,0.125,0.0,0.08333333333333333,0.041666666666666664,0.08333333333333333,0.25,0.125,0.08333333333333333,0.041666666666666664,0.041666666666666664
54,B0093MU7QS,2,n't think actually funny many joke old overplayed nothing clever make smile none 're laugh loud funny even deserve chuckle,meh.,1388620800,5,0.0,0.05555555555555555,0.0,0.16666666666666666,0.16666666666666666,0.2777777777777778,0.05555555555555555,0.0,0.0,0.16666666666666666,0.1111111111111111
161,B0093MU7QS,1,short stupid book free overpay literally short joke clever,Not worth the ten minutes it took to read it,1388620800,5,0.0,0.0,0.0,0.0,0.0,0.3333333333333333,0.6666666666666666,0.0,0.0,0.0,
172,B0093MU7QS,5,nice book like quickly relax laugh healthy easy read amuse u train husband great sharing time,some jokes are soooo relaxing,1388707200,4,0.0,0.0,0.0,0.0,0.14285714285714285,0.42857142857142855,0.0,0.0,0.0,0.2857142857142857,0.14285714285714285
179,B0093MU7QS,5,book awesome read try laugh harder already,SWEET AND COOL,1388793600,4,0.0,0.0,0.0,0.0,0.3333333333333333,0.3333333333333333,0.0,0.0,0.0,0.3333333333333333,
201,B0093MU7QS,1,book completely fail achieve 's goal making reader k laugh joke either way corny downright mean think laugh total two joke entire book reason read fact free kindle store would never recommend book anyone book get star rating,Offensive at Parts,1388880000,4,0.03571428571428571,0.03571428571428571,0.0,0.17857142857142858,0.07142857142857142,0.32142857142857145,0.10714285714285714,0.03571428571428571,0.0,0.14285714285714285,0.07142857142857142
35,B0093MU7QS,5,great child love tell joke son read everyone family know every punch line good clean kid friendly joke,Great for Kids,1389052800,2,0.041666666666666664,0.041666666666666664,0.0,0.125,0.08333333333333333,0.20833333333333334,0.125,0.041666666666666664,0.0,0.20833333333333334,0.125
120,B0093MU7QS,3,mostly original short like make lol several time look others similar one thanks,Funny,1389052800,2,0.0,0.0,0.0,0.0,0.0,0.0,0.0,0.0,0.0,0.0,1.0
109,B0093MU7QS,1,lame lame lame pathetic joke n't even know stretch review meet minimum word requirement lame,sucked,1389312000,4,0.0,0.0,0.0,0.14285714285714285,0.0,0.14285714285714285,0.42857142857142855,0.14285714285714285,0.14285714285714285,0.0,
135,B0093MU7QS,1,funny funny also quite silly crude read whole book laugh word garbage many entry extremely repetitive rehash old joke one might label bathroom humor derogatory foul disgust recommend book especially child,"THIS BOOK is NOT funny! I did not laugh at ANY of these ""Jokes"" that were SILLY and CRUDE!",1389398400,4,0.09375,0.09375,0.0,0.09375,0.03125,0.125,0.21875,0.0625,0.15625,0.09375,0.03125
64,B0093MU7QS,4,like brevity joke funny many simply cute recommend book want splash humor day,101 best jokes,1389744000,4,0.0,0.0,0.0,0.2,0.2,0.4,0.2,0.0,0.0,0.0,
99,B0093MU7QS,4,familiar joke american birth overall funny enjoy part n't like section make fun blonde find rather sexist discriminatory understand part american culture reason book repeat though n't like free kindle download good,Funny if a bit old,1389830400,2,0.045454545454545456,0.0,0.0,0.18181818181818182,0.045454545454545456,0.3181818181818182,0.045454545454545456,0.0,0.0,0.18181818181818182,0.18181818181818182
117,B0093MU7QS,2,maybe 's age stale joke suppose 's child 's book,Ok,1389830400,2,0.0,0.0,0.0,0.0,0.0,0.2,0.4,0.0,0.0,0.2,0.2
57,B0093MU7QS,4,enjoy writer 's keen sense humor keep reading also laugh encounter jr high school,Funny Entertaining Book.,1389916800,1,0.0,0.0,0.0,0.18181818181818182,0.09090909090909091,0.45454545454545453,0.0,0.0,0.0,0.18181818181818182,0.09090909090909091
203,B0093MU7QS,4,book multiple hilarious joke make genuinely laugh friend take turns reading aloud great time together complaint book simply short,Short But Great,1390262400,4,0.0,0.07142857142857142,0.0,0.07142857142857142,0.14285714285714285,0.2857142857142857,0.14285714285714285,0.0,0.0,0.21428571428571427,0.07142857142857142
152,B0093MU7QS,1,old trite funny lack luster mostly even groaner best shudder think worst would,Not particularly funny.,1390521600,8,0.2,0.0,0.0,0.0,0.0,0.2,0.4,0.0,0.0,0.2,
205,B0093MU7QS,5,book great joke 's really funny fun get book like,This book has great joke's,1390608000,7,0.0,0.0,0.0,0.0,0.0,0.25,0.25,0.0,0.0,0.25,0.25
171,B0093MU7QS,4,long tad innapropiate joke pretty good nook get free,pretty good,1390694400,5,0.0,0.0,0.0,0.18181818181818182,0.09090909090909091,0.18181818181818182,0.09090909090909091,0.0,0.0,0.18181818181818182,0.2727272727272727
210,B0093MU7QS,4,book joke lot fun read anyone remember tell joke well execute funny person party social event nothing well make others laugh good laugh good one nap wilson,Some real good jokes,1390694400,5,0.0,0.0,0.0,0.08695652173913043,0.17391304347826086,0.2608695652173913,0.08695652173913043,0.0,0.0,0.2608695652173913,0.13043478260869565
55,B0093MU7QS,1,download book mins back check first page slap even download baseball walk bar bartender throw joke drunk walk bar ouch say joke delete right,Why did I download it?,1390867200,2,0.0,0.16666666666666666,0.0,0.16666666666666666,0.16666666666666666,0.0,0.5,0.0,0.0,0.0,
1,B0093MU7QS,3,best joke ok book reading first joke sort get bored book like,101 best jokes,1390867200,2,0.0,0.0,0.0,0.0,0.0,0.3333333333333333,0.6666666666666666,0.0,0.0,0.0,
10,B0093MU7QS,1,another case get pay dumb funny kid might like want screen joke,Another case of you get what you pay for,1390867200,2,0.1111111111111111,0.0,0.0,0.1111111111111111,0.0,0.1111111111111111,0.3333333333333333,0.1111111111111111,0.0,0.1111111111111111,0.1111111111111111
159,B0093MU7QS,1,rate book able read colby android table download cant afford pay something receive please cancel order,I HAVE NOT RECEIVED THIS BOOK,1390867200,2,0.0,0.0,0.0,0.14285714285714285,0.0,0.2857142857142857,0.14285714285714285,0.14285714285714285,0.0,0.14285714285714285,0.14285714285714285
42,B0093MU7QS,1,glad free download sure would waste money pay book joke leave much desire,this joke book is a joke,1391040000,2,0.0,0.05263157894736842,0.0,0.10526315789473684,0.10526315789473684,0.15789473684210525,0.15789473684210525,0.05263157894736842,0.05263157894736842,0.15789473684210525,0.15789473684210525
130,B0093MU7QS,5,son love read tell joke great download keep entertained hour,Cute and Funny,1391385600,1,0.0,0.0,0.0,0.0,0.0,0.4,0.2,0.0,0.0,0.4,
207,B0093MU7QS,5,book funny collection joke make cheeks stomach hurt make shed tear laughter,hahahahahahahahahahahahahahahahahahahahahah,1391558400,0,0.09090909090909091,0.09090909090909091,0.0,0.0,0.09090909090909091,0.09090909090909091,0.2727272727272727,0.09090909090909091,0.09090909090909091,0.09090909090909091,0.09090909090909091
194,B0093MU7QS,2,nothing overly funny write herea lot repetitive joke do really n't funny opinion,too many repetitive jokes,1392422400,2,0.0,0.0,0.0,0.0,0.0,0.0,1.0,0.0,0.0,0.0,
119,B0093MU7QS,3,mostly old joke hear many time funny still okay though,jokes,1392768000,4,0.0,0.0,0.0,0.0,0.0,0.0,0.5,0.0,0.0,0.0,0.5
173,B0093MU7QS,1,staid bore old sometimes tasteless read laugh forget really want fun get copy punch new yorker plaboy cartoon never mind steinberg topor great,Ha Ha,1392768000,4,0.0625,0.0625,0.0,0.0,0.125,0.125,0.3125,0.0625,0.0625,0.125,0.0625
38,B0093MU7QS,5,fun book share grandkids perfect find share christmas,Entertainment for the Grandkids,1393027200,2,0.0,0.0,0.0,0.2,0.0,0.26666666666666666,0.0,0.0,0.0,0.26666666666666666,0.26666666666666666
15,B0093MU7QS,3,bad book sure recommend child cheesy joke stupid funny joke also bad influence kid would buy book glad 's free,Okay book,1393027200,2,0.08695652173913043,0.08695652173913043,0.0,0.043478260869565216,0.0,0.17391304347826086,0.2608695652173913,0.08695652173913043,0.08695652173913043,0.08695652173913043,0.08695652173913043
52,B0093MU7QS,1,n't like book n't get joke book good would recommend book friend haley estal boyfriend tyler rockwood,Jokes,1393113600,1,0.0,0.0,0.0,0.2727272727272727,0.09090909090909091,0.2727272727272727,0.09090909090909091,0.0,0.0,0.18181818181818182,0.09090909090909091
193,B0093MU7QS,1,'s even ad halfway fifty shade knockoff many thing need get self publish rest joke copy paste google imagine 's page long madness make stop want real content joke funny blonde joke year ago make stop eaaaaghh,This book is no effort.,1393286400,2,0.06666666666666667,0.06666666666666667,0.0,0.13333333333333333,0.0,0.2,0.4,0.0,0.0,0.06666666666666667,0.06666666666666667
257,B0093MU7QS,5,make day brother matter always good good laugh recommend age mom might offend,Hahaha,1393718400,3,0.0,0.05,0.0,0.2,0.15,0.25,0.05,0.0,0.05,0.15,0.1
280,B0093MU7QS,1,read page find bad taste funny joke,I disliked this book,1393804800,2,0.16666666666666666,0.16666666666666666,0.0,0.0,0.0,0.0,0.3333333333333333,0.16666666666666666,0.16666666666666666,0.0,
263,B0093MU7QS,2,seriously horrible joke try write humor reader either cry get dumbfound look face try write drama tear jerker stuff people chuckle tonight convince bad joke teller planet earth however realize people bad fact good come purchase read bad compilation humor 've ever come across still though since get free refrain give single star even free though good conscience recommend best joke except perhaps reminder possible publish something poor get many people get new age publishing anarchy wrinkle,Worst 101 Jokes I've Ever Heard - Glad to Find a Worse Joker than Me,1393891200,1,0.09090909090909091,0.09090909090909091,0.0,0.14545454545454545,0.05454545454545454,0.14545454545454545,0.16363636363636364,0.07272727272727272,0.07272727272727272,0.07272727272727272,0.09090909090909091
283,B0093MU7QS,3,'d say maybe joke decent others old dumb glad free though,"Some decent jokes, a lot are lame.",1394064000,1,0.0,0.0,0.0,0.0,0.0,0.3333333333333333,0.3333333333333333,0.0,0.0,0.16666666666666666,0.16666666666666666
279,B0093MU7QS,4,like categorize make easy remember like pas good joke sort like stand comic f blond joke funny maybe blond though,Lots of chuckles...good taste,1394582400,1,0.0,0.0,0.0,0.14285714285714285,0.14285714285714285,0.14285714285714285,0.2857142857142857,0.0,0.0,0.14285714285714285,0.14285714285714285
270,B0093MU7QS,3,joke n't fit description best joke best joke would one make laugh hard lose breath eye water couple funny moderately funny groaner,very few LOL jokes,1394668800,0,0.08333333333333333,0.08333333333333333,0.0,0.0,0.16666666666666666,0.08333333333333333,0.3333333333333333,0.08333333333333333,0.08333333333333333,0.08333333333333333,
290,B0093MU7QS,4,joke little dry still like even joke belly ache laugh loud funny still leave smile face shake head throughout day silly,silly distractions that run through your head throughout the day,1396051200,1,0.0,0.0,0.0,0.0625,0.1875,0.125,0.3125,0.125,0.0,0.1875,
276,B0093MU7QS,2,expect book pamphlet like joke overall nothing really grab attention many reference book,Not what I was expecting.,1396137600,0,0.0,0.125,0.0,0.125,0.125,0.25,0.25,0.0,0.0,0.0,0.125
277,B0093MU7QS,3,hate comedy despite reservation one liner stand comedian joke general gem book joke supply various author free resource need good joke next speak event might find look,Why did I get this book...?,1397174400,1,0.05,0.05,0.0,0.15,0.05,0.25,0.2,0.05,0.05,0.1,0.05
274,B0093MU7QS,4,want good chuckle belly roll laugh need read book grant joke funny humorous least shake head clear cobweb 's good read kudos various author put best foot forward create book,Someone Stoked the Jokes!,1397692800,2,0.0,0.0,0.0,0.15625,0.125,0.3125,0.03125,0.0,0.0,0.25,0.125
275,B0093MU7QS,3,many bar joke make laugh 'm blonde joke even though blond felt yo manna joke bad taste,some of the jokes are funny,1397952000,1,0.08333333333333333,0.08333333333333333,0.0,0.0,0.08333333333333333,0.16666666666666666,0.3333333333333333,0.08333333333333333,0.08333333333333333,0.08333333333333333,
259,B0093MU7QS,1,like book till dirty part come bad review come bad stuff kid eye n't know 'll recommend book anyone marry sorrydevinity,Dirty book,1398124800,0,0.15,0.1,0.0,0.1,0.05,0.1,0.15,0.1,0.15,0.05,0.05
266,B0093MU7QS,1,think two joke kind cute meaning n't even classified joke 're weird saying thankfully free real waste time keep hop come across funny joke luck 'm sorry author leave bad review honest review well luck next book,101 WORST jokes,1399248000,4,0.05128205128205128,0.05128205128205128,0.0,0.10256410256410256,0.07692307692307693,0.1794871794871795,0.1794871794871795,0.07692307692307693,0.10256410256410256,0.10256410256410256,0.07692307692307693
306,B0093MU7QS,1,expect look kid joke book would never give child 's bad quite rude,really bad,1399334400,5,0.07692307692307693,0.07692307692307693,0.0,0.07692307692307693,0.07692307692307693,0.15384615384615385,0.15384615384615385,0.07692307692307693,0.07692307692307693,0.07692307692307693,0.15384615384615385
299,B0093MU7QS,5,sense humor love laugh joke book want read end book part may need someone n't get defensive semi offense end book general bad next book read review read,funny  hilarity,1399507200,5,0.10526315789473684,0.10526315789473684,0.0,0.05263157894736842,0.05263157894736842,0.21052631578947367,0.15789473684210525,0.10526315789473684,0.10526315789473684,0.10526315789473684,
253,B0093MU7QS,5,kid still read book tell joke adult funny page day keep frown monster away,funny book,1399680000,5,0.2,0.0,0.0,0.0,0.0,0.0,0.6,0.2,0.0,0.0,
293,B0093MU7QS,4,luv joke recommend kid age really good besides mean rude one pretty good book star,funny,1399766400,5,0.0,0.0,0.0,0.23809523809523808,0.09523809523809523,0.23809523809523808,0.047619047619047616,0.0,0.0,0.19047619047619047,0.19047619047619047
250,B0093MU7QS,4,need joke tell well come right place little book,"Ho, ho ho",1399852800,6,0.0,0.0,0.0,0.0,0.0,0.0,1.0,0.0,0.0,0.0,
258,B0093MU7QS,2,book assortment blonde joke walk bar joke yo mama joke mildly funny also pun told friend without fear offend much type joke friend hear say ha ha however one think cute shark bike lawyer answer professional courtesy kindle edition ad sprinkle page occasionally n't really take away anything honestly joke maybe c minus 'm tempted pay one publisher 's joke collection,"Not Really the ""Best"" Jokes",1399852800,6,0.0625,0.09375,0.0,0.125,0.0,0.1875,0.3125,0.0,0.0625,0.09375,0.0625
247,B0093MU7QS,3,'s funny book light read n't like mamma joke get book kindle free,101 best jokes - Review,1399939200,6,0.0,0.0,0.0,0.5,0.0,0.0,0.5,0.0,0.0,0.0,
288,B0093MU7QS,5,problem read kindle humorous bit old still good joke recommend anyone look little humour,Great Ebook,1400112000,6,0.07692307692307693,0.0,0.0,0.15384615384615385,0.07692307692307693,0.23076923076923078,0.15384615384615385,0.07692307692307693,0.0,0.15384615384615385,0.07692307692307693
292,B0093MU7QS,3,honest read good joke heard bad joke book help people recognise joke range joke would useful someone public speaking mind public speaking joke helpful repeat word word book plan play mind like important adjust punch line mood content audience hand skill art fun,A collection of jokes,1400284800,5,0.05660377358490566,0.05660377358490566,0.0,0.1320754716981132,0.05660377358490566,0.20754716981132076,0.1320754716981132,0.07547169811320754,0.03773584905660377,0.11320754716981132,0.1320754716981132
273,B0093MU7QS,3,best joke buy book joke old social security,101 best jokes,1400371200,2,0.0,0.0,0.0,0.0,0.0,0.0,1.0,0.0,0.0,0.0,
301,B0093MU7QS,3,like bar joke begin book glass beer wise medley lame joke ever read,101 Jokes that made me weep.,1400371200,2,0.0,0.0,0.0,0.0,0.0,0.5,0.3333333333333333,0.0,0.0,0.16666666666666666,
303,B0093MU7QS,4,like book pretty funny ge thats give star,Good,1400371200,2,0.0,0.0,0.0,0.25,0.0,0.25,0.0,0.0,0.0,0.25,0.25
289,B0093MU7QS,1,must admit make though joke one 's read rare exception funny,Not funny,1400457600,1,0.0,0.0,0.0,0.0,0.0,0.0,1.0,0.0,0.0,0.0,
267,B0093MU7QS,1,pretty lame market lame get book every joke feel familiar,boo hiss,1400544000,0,0.0,0.0,0.0,0.2857142857142857,0.0,0.2857142857142857,0.14285714285714285,0.0,0.0,0.14285714285714285,0.14285714285714285
294,B0093MU7QS,3,chuckle mostly old joke would good five minute read 're wait line somewhere,Ok but mostly musty jokes.,1401235200,1,0.0,0.0,0.0,0.15384615384615385,0.15384615384615385,0.15384615384615385,0.15384615384615385,0.0,0.0,0.15384615384615385,0.23076923076923078
300,B0093MU7QS,1,download amazon co uk hmmmm n't know think downloaded book free think 'd give go joke quite terrible really certainly n't child recommend,hmmmm not good,1401667200,1,0.09090909090909091,0.09090909090909091,0.0,0.09090909090909091,0.0,0.18181818181818182,0.18181818181818182,0.09090909090909091,0.09090909090909091,0.09090909090909091,0.09090909090909091
268,B0093MU7QS,4,pleasant enough collection old tired joke along gem 's bit like henny youngman routine n't like joke stick around another second another,For what it's worth,1402185600,2,0.0,0.0,0.0,0.16666666666666666,0.08333333333333333,0.25,0.25,0.0,0.0,0.16666666666666666,0.08333333333333333
295,B0093MU7QS,5,laugh every joke prove stupid p yo mama fat lay around house house,Hilarious,1402358400,2,0.0,0.0,0.0,0.0,0.1111111111111111,0.2222222222222222,0.3333333333333333,0.1111111111111111,0.1111111111111111,0.1111111111111111,
296,B0093MU7QS,3,funny awesome joke n't good kid readgood luck men woman funny kid next year old,OK,1402444800,2,0.0,0.0,0.0,0.1,0.2,0.2,0.1,0.0,0.0,0.2,0.2
282,B0093MU7QS,3,definitely best dozen funny one rest kind blah good quick laugh 're bore,Ok,1402790400,3,0.0,0.0,0.0,0.15384615384615385,0.15384615384615385,0.3076923076923077,0.07692307692307693,0.0,0.0,0.23076923076923078,0.07692307692307693
261,B0093MU7QS,1,bad joke ever bad book find amazing even become book,Sucks!,1402963200,3,0.18181818181818182,0.18181818181818182,0.0,0.0,0.0,0.0,0.2727272727272727,0.18181818181818182,0.18181818181818182,0.0,
254,B0093MU7QS,1,joke unoriginal boring plain stupid thank god free money ever make,So lame.,1403049600,3,0.07142857142857142,0.07142857142857142,0.0,0.14285714285714285,0.07142857142857142,0.14285714285714285,0.21428571428571427,0.0,0.0,0.14285714285714285,0.14285714285714285
260,B0093MU7QS,2,funny n't want knock others,101 best jokes,1403222400,3,0.0,0.0,0.0,0.0,0.0,0.0,0.0,0.0,0.0,0.0,
262,B0093MU7QS,3,bad knock knock joke bite simplistic short good age still funny,Simplistic,1403481600,2,0.08333333333333333,0.08333333333333333,0.0,0.08333333333333333,0.08333333333333333,0.08333333333333333,0.25,0.08333333333333333,0.08333333333333333,0.08333333333333333,0.08333333333333333
298,B0093MU7QS,2,seriously give shallow read still could n't stand duh joke basically poor least one read even funny dirty joke well would recommend child also would never suggest waste money book lucky free buy dnot recommend n't waste time,Not recommended for children,1403568000,1,0.0,0.038461538461538464,0.0,0.15384615384615385,0.07692307692307693,0.19230769230769232,0.19230769230769232,0.0,0.11538461538461539,0.11538461538461539,0.11538461538461539
291,B0093MU7QS,3,handful good joke quick read think read book minute would n't want pay book joke n't funny,Very short and not that funny,1403654400,0,0.0,0.0,0.0,0.18181818181818182,0.09090909090909091,0.18181818181818182,0.18181818181818182,0.0,0.0,0.18181818181818182,0.18181818181818182
265,B0093MU7QS,2,n't great,Two Stars,1404259200,2,0.0,0.0,0.0,0.0,0.0,0.0,0.0,0.0,0.0,0.0,
286,B0093MU7QS,2,funny though would read joke day try lighten mood work sometimes joke n't funny definitely would save embarrassment tell bad joke,Not so funny,1404604800,1,0.13333333333333333,0.06666666666666667,0.0,0.06666666666666667,0.06666666666666667,0.06666666666666667,0.3333333333333333,0.13333333333333333,0.06666666666666667,0.06666666666666667,
278,B0093MU7QS,1,worth paper n't print,One Star,1404604800,1,0.0,0.0,0.0,0.0,0.0,1.0,0.0,0.0,0.0,0.0,
287,B0093MU7QS,1,whhhaaaaat joke ridiculous n't even finish,????,1404950400,0,0.0,0.25,0.0,0.0,0.0,0.0,0.5,0.0,0.25,0.0,
